state_abb,year,state_green_bond_count,state_green_bond_amt,state_green_bond_cum_count,state_green_bond_cum_amt,state_green_bond_ever,state_green_bond_cum_count_lag1,state_green_bond_cum_amt_lag1,state_green_bond_ever_lag1,state_green_bond_issued_prior_yr,asinh_state_green_bond_amt,asinh_state_green_bond_cum_amt_lag1
AK,2013,0,0.0,0,0.0,0,0,0.0,0,0,0.0,0.0
AK,2014,0,0.0,0,0.0,0,0,0.0,0,0,0.0,0.0
AK,2015,0,0.0,0,0.0,0,0,0.0,0,0,0.0,0.0
AK,2016,0,0.0,0,0.0,0,0,0.0,0,0,0.0,0.0
AK,2017,0,0.0,0,0.0,0,0,0.0,0,0,0.0,0.0
AK,2018,0,0.0,0,0.0,0,0,0.0,0,0,0.0,0.0
AK,2019,0,0.0,0,0.0,0,0,0.0,0,0,0.0,0.0
AK,2020,0,0.0,0,0.0,0,0,0.0,0,0,0.0,0.0
AK,2021,0,0.0,0,0.0,0,0,0.0,0,0,0.0,0.0
AK,2022,0,0.0,0,0.0,0,0,0.0,0,0,0.0,0.0
AK,2023,0,0.0,0,0.0,0,0,0.0,0,0,0.0,0.0
AL,2013,0,0.0,0,0.0,0,0,0.0,0,0,0.0,0.0
AL,2014,0,0.0,0,0.0,0,0,0.0,0,0,0.0,0.0
AL,2015,0,0.0,0,0.0,0,0,0.0,0,0,0.0,0.0
AL,2016,0,0.0,0,0.0,0,0,0.0,0,0,0.0,0.0
AL,2017,0,0.0,0,0.0,0,0,0.0,0,0,0.0,0.0
AL,2018,0,0.0,0,0.0,0,0,0.0,0,0,0.0,0.0
AL,2019,0,0.0,0,0.0,0,0,0.0,0,0,0.0,0.0
AL,2020,0,0.0,0,0.0,0,0,0.0,0,0,0.0,0.0
AL,2021,0,0.0,0,0.0,0,0,0.0,0,0,0.0,0.0
AL,2022,0,0.0,0,0.0,0,0,0.0,0,0,0.0,0.0
AL,2023,0,0.0,0,0.0,0,0,0.0,0,0,0.0,0.0
AR,2013,36,37865000.0,36,37865000.0,1,0,0.0,0,0,18.142684941090007,0.0
AR,2014,0,0.0,36,37865000.0,1,36,37865000.0,1,1,0.0,18.142684941090007
AR,2015,3,1585000.0,39,39450000.0,1,36,37865000.0,1,0,14.969242145853563,18.142684941090007
AR,2016,0,0.0,39,39450000.0,1,39,39450000.0,1,1,0.0,18.1836917858161
AR,2017,10,20000000.0,49,59450000.0,1,39,39450000.0,1,0,17.50439001207821,18.1836917858161
AR,2018,0,0.0,49,59450000.0,1,49,59450000.0,1,1,0.0,18.59379336166101
AR,2019,21,30000000.0,70,89450000.0,1,49,59450000.0,1,0,17.909855120186375,18.59379336166101
AR,2020,1,265000000.0,71,354450000.0,1,70,89450000.0,1,1,20.08838756451044,19.00233754847895
AR,2021,0,0.0,71,354450000.0,1,71,354450000.0,1,1,0.0,20.379225030825246
AR,2022,44,336045000.0,115,690495000.0,1,71,354450000.0,1,0,20.325902818091222,20.379225030825246
AR,2023,40,736000000.0,155,1426495000.0,1,115,690495000.0,1,1,21.109887857253096,21.04606647021773
AZ,2013,0,0.0,0,0.0,0,0,0.0,0,0,0.0,0.0
AZ,2014,0,0.0,0,0.0,0,0,0.0,0,0,0.0,0.0
AZ,2015,21,182645000.0,21,182645000.0,1,0,0.0,0,0,19.716202116630345,0.0
AZ,2016,47,272875000.0,68,455520000.0,1,21,182645000.0,1,1,20.117671553394327,19.716202116630345
AZ,2017,0,0.0,68,455520000.0,1,68,455520000.0,1,1,0.0,20.630097362053945
AZ,2018,0,0.0,68,455520000.0,1,68,455520000.0,1,0,0.0,20.630097362053945
AZ,2019,48,180410000.0,116,635930000.0,1,68,455520000.0,1,0,19.70388977698893,20.630097362053945
AZ,2020,3,71415000.0,119,707345000.0,1,116,635930000.0,1,1,18.777165669838812,20.963746232913895
AZ,2021,36,161805000.0,155,869150000.0,1,119,707345000.0,1,1,19.59504964501972,21.07017626276772
AZ,2022,32,147420000.0,187,1016570000.0,1,155,869150000.0,1,1,19.501943394285362,21.27617346109177
AZ,2023,21,72855000.0,208,1089425000.0,1,187,1016570000.0,1,1,18.79712890299004,21.432847232969777
CA,2013,0,0.0,0,0.0,0,0,0.0,0,0,0.0,0.0
CA,2014,4,300000000.0,4,300000000.0,1,0,0.0,0,0,20.21244021318042,0.0
CA,2015,0,0.0,4,300000000.0,1,4,300000000.0,1,1,0.0,20.21244021318042
CA,2016,29,480735000.0,33,780735000.0,1,4,300000000.0,1,0,20.68397392125829,20.21244021318042
CA,2017,32,1262310000.0,65,2043045000.0,1,33,780735000.0,1,1,21.649356393298714,21.16889352220698
CA,2018,44,535765000.0,109,2578810000.0,1,65,2043045000.0,1,1,20.792353370619423,22.130854359530982
CA,2019,41,562530000.0,150,3141340000.0,1,109,2578810000.0,1,1,20.841102204513955,22.363741069725773
CA,2020,2,142000000.0,152,3283340000.0,1,150,3141340000.0,1,1,19.46448479612548,22.56106247798631
CA,2021,25,445315000.0,177,3728655000.0,1,152,3283340000.0,1,1,20.607439635440617,22.605274214477035
CA,2022,59,558890000.0,236,4287545000.0,1,177,3728655000.0,1,1,20.834610412351378,22.73246059632161
CA,2023,40,710490000.0,276,4998035000.0,1,236,4287545000.0,1,1,21.07461261136697,22.87212732557016
CO,2013,0,0.0,0,0.0,0,0,0.0,0,0,0.0,0.0
CO,2014,0,0.0,0,0.0,0,0,0.0,0,0,0.0,0.0
CO,2015,13,44790000.0,13,44790000.0,1,0,0.0,0,0,18.310642638743428,0.0
CO,2016,0,0.0,13,44790000.0,1,13,44790000.0,1,1,0.0,18.310642638743428
CO,2017,0,0.0,13,44790000.0,1,13,44790000.0,1,0,0.0,18.310642638743428
CO,2018,23,10550000.0,36,55340000.0,1,13,44790000.0,1,0,16.864783598446298,18.310642638743428
CO,2019,1,214625000.0,37,269965000.0,1,36,55340000.0,1,1,19.87755005774186,18.522153712883
CO,2020,1,100000000.0,38,369965000.0,1,37,269965000.0,1,1,19.11382792451231,20.10695005949032
CO,2021,23,151595000.0,61,521560000.0,1,38,369965000.0,1,1,19.529870229658243,20.422066145093545
CO,2022,43,79820000.0,104,601380000.0,1,61,521560000.0,1,1,18.888431838144808,20.765482059079492
CO,2023,0,0.0,104,601380000.0,1,104,601380000.0,1,1,0.0,20.907884752789048
CT,2013,20,124935000.0,20,124935000.0,1,0,0.0,0,0,19.336451340579632,0.0
CT,2014,6,60000000.0,26,184935000.0,1,20,124935000.0,1,1,18.60300230074632,19.336451340579632
CT,2015,34,315000000.0,60,499935000.0,1,26,184935000.0,1,1,20.261230377349854,19.728662150512847
CT,2016,3,65000000.0,63,564935000.0,1,60,499935000.0,1,1,18.683045008419857,20.72313582849568
CT,2017,26,250000000.0,89,814935000.0,1,63,564935000.0,1,1,20.030118656386467,20.845368418804775
CT,2018,0,0.0,89,814935000.0,1,89,814935000.0,1,1,0.0,21.21176609398329
CT,2019,24,250000000.0,113,1064935000.0,1,89,814935000.0,1,0,20.030118656386467,21.21176609398329
CT,2020,11,16795000.0,124,1081730000.0,1,113,1064935000.0,1,1,17.329738961588475,21.479326781941314
CT,2021,18,115744000.0,142,1197474000.0,1,124,1081730000.0,1,1,19.260038594293906,21.494974628898095
CT,2022,0,0.0,142,1197474000.0,1,142,1197474000.0,1,1,0.0,21.596627355673792
CT,2023,0,0.0,142,1197474000.0,1,142,1197474000.0,1,0,0.0,21.596627355673792
DE,2013,0,0.0,0,0.0,0,0,0.0,0,0,0.0,0.0
DE,2014,0,0.0,0,0.0,0,0,0.0,0,0,0.0,0.0
DE,2015,0,0.0,0,0.0,0,0,0.0,0,0,0.0,0.0
DE,2016,0,0.0,0,0.0,0,0,0.0,0,0,0.0,0.0
DE,2017,0,0.0,0,0.0,0,0,0.0,0,0,0.0,0.0
DE,2018,0,0.0,0,0.0,0,0,0.0,0,0,0.0,0.0
DE,2019,0,0.0,0,0.0,0,0,0.0,0,0,0.0,0.0
DE,2020,0,0.0,0,0.0,0,0,0.0,0,0,0.0,0.0
DE,2021,0,0.0,0,0.0,0,0,0.0,0,0,0.0,0.0
DE,2022,0,0.0,0,0.0,0,0,0.0,0,0,0.0,0.0
DE,2023,0,0.0,0,0.0,0,0,0.0,0,0,0.0,0.0
FL,2013,0,0.0,0,0.0,0,0,0.0,0,0,0.0,0.0
FL,2014,11,215515000.0,11,215515000.0,1,0,0.0,0,0,19.88168825121411,0.0
FL,2015,0,0.0,11,215515000.0,1,11,215515000.0,1,1,0.0,19.88168825121411
FL,2016,21,238490000.0,32,454005000.0,1,11,215515000.0,1,0,19.982985119252408,19.88168825121411
FL,2017,10,75125000.0,42,529130000.0,1,32,454005000.0,1,1,18.82781113137959,20.62676594972078
FL,2018,0,0.0,42,529130000.0,1,42,529130000.0,1,1,0.0,20.779891886883618
FL,2019,11,1069305000.0,53,1598435000.0,1,42,529130000.0,1,0,21.483421922232132,20.779891886883618
FL,2020,0,0.0,53,1598435000.0,1,53,1598435000.0,1,1,0.0,21.885438043075673
FL,2021,0,0.0,53,1598435000.0,1,53,1598435000.0,1,0,0.0,21.885438043075673
FL,2022,13,2335605000.0,66,3934040000.0,1,53,1598435000.0,1,0,22.26468397570884,21.885438043075673
FL,2023,0,0.0,66,3934040000.0,1,66,3934040000.0,1,1,0.0,22.78607990518971
GA,2013,0,0.0,0,0.0,0,0,0.0,0,0,0.0,0.0
GA,2014,0,0.0,0,0.0,0,0,0.0,0,0,0.0,0.0
GA,2015,0,0.0,0,0.0,0,0,0.0,0,0,0.0,0.0
GA,2016,0,0.0,0,0.0,0,0,0.0,0,0,0.0,0.0
GA,2017,0,0.0,0,0.0,0,0,0.0,0,0,0.0,0.0
GA,2018,0,0.0,0,0.0,0,0,0.0,0,0,0.0,0.0
GA,2019,1,39725000.0,1,39725000.0,1,0,0.0,0,0,18.190638450947,0.0
GA,2020,0,0.0,1,39725000.0,1,1,39725000.0,1,1,0.0,18.190638450947
GA,2021,0,0.0,1,39725000.0,1,1,39725000.0,1,0,0.0,18.190638450947
GA,2022,0,0.0,1,39725000.0,1,1,39725000.0,1,0,0.0,18.190638450947
GA,2023,0,0.0,1,39725000.0,1,1,39725000.0,1,0,0.0,18.190638450947
HI,2013,0,0.0,0,0.0,0,0,0.0,0,0,0.0,0.0
HI,2014,2,150000000.0,2,150000000.0,1,0,0.0,0,0,19.519293032620475,0.0
HI,2015,18,35000000.0,20,185000000.0,1,2,150000000.0,1,1,18.064005800013632,19.519293032620475
HI,2016,0,0.0,20,185000000.0,1,20,185000000.0,1,1,0.0,19.729013563602543
HI,2017,0,0.0,20,185000000.0,1,20,185000000.0,1,0,0.0,19.729013563602543
HI,2018,0,0.0,20,185000000.0,1,20,185000000.0,1,0,0.0,19.729013563602543
HI,2019,0,0.0,20,185000000.0,1,20,185000000.0,1,0,0.0,19.729013563602543
HI,2020,0,0.0,20,185000000.0,1,20,185000000.0,1,0,0.0,19.729013563602543
HI,2021,0,0.0,20,185000000.0,1,20,185000000.0,1,0,0.0,19.729013563602543
HI,2022,0,0.0,20,185000000.0,1,20,185000000.0,1,0,0.0,19.729013563602543
HI,2023,0,0.0,20,185000000.0,1,20,185000000.0,1,0,0.0,19.729013563602543
IA,2013,21,115450000.0,21,115450000.0,1,0,0.0,0,0,19.257495274324725,0.0
IA,2014,0,0.0,21,115450000.0,1,21,115450000.0,1,1,0.0,19.257495274324725
IA,2015,25,321530000.0,46,436980000.0,1,21,115450000.0,1,0,20.281748590445744,19.257495274324725
IA,2016,19,163275000.0,65,600255000.0,1,46,436980000.0,1,1,19.60409363431294,20.588545165982097
IA,2017,22,347460000.0,87,947715000.0,1,65,600255000.0,1,1,20.359307288989974,20.906012303453448
IA,2018,0,0.0,87,947715000.0,1,87,947715000.0,1,1,0.0,21.362711562668714
IA,2019,34,258005000.0,121,1205720000.0,1,87,947715000.0,1,0,20.061636703103012,21.362711562668714
IA,2020,22,201825000.0,143,1407545000.0,1,121,1205720000.0,1,1,19.8160587238053,21.60348991638417
IA,2021,28,286445000.0,171,1693990000.0,1,143,1407545000.0,1,1,20.166204284173226,21.7582600696078
IA,2022,27,206180000.0,198,1900170000.0,1,171,1693990000.0,1,1,19.837407312192457,21.943499710531075
IA,2023,40,472070000.0,238,2372240000.0,1,198,1900170000.0,1,1,20.66578501819841,22.058356373360432
ID,2013,0,0.0,0,0.0,0,0,0.0,0,0,0.0,0.0
ID,2014,0,0.0,0,0.0,0,0,0.0,0,0,0.0,0.0
ID,2015,0,0.0,0,0.0,0,0,0.0,0,0,0.0,0.0
ID,2016,0,0.0,0,0.0,0,0,0.0,0,0,0.0,0.0
ID,2017,0,0.0,0,0.0,0,0,0.0,0,0,0.0,0.0
ID,2018,0,0.0,0,0.0,0,0,0.0,0,0,0.0,0.0
ID,2019,0,0.0,0,0.0,0,0,0.0,0,0,0.0,0.0
ID,2020,0,0.0,0,0.0,0,0,0.0,0,0,0.0,0.0
ID,2021,0,0.0,0,0.0,0,0,0.0,0,0,0.0,0.0
ID,2022,0,0.0,0,0.0,0,0,0.0,0,0,0.0,0.0
ID,2023,0,0.0,0,0.0,0,0,0.0,0,0,0.0,0.0
IL,2013,23,146845000.0,23,146845000.0,1,0,0.0,0,0,19.498035347240535,0.0
IL,2014,0,0.0,23,146845000.0,1,23,146845000.0,1,1,0.0,19.498035347240535
IL,2015,0,0.0,23,146845000.0,1,23,146845000.0,1,0,0.0,19.498035347240535
IL,2016,44,534890000.0,67,681735000.0,1,23,146845000.0,1,0,20.790718856803476,19.498035347240535
IL,2017,37,589955000.0,104,1271690000.0,1,67,681735000.0,1,1,20.888704001328747,21.033298757807646
IL,2018,0,0.0,104,1271690000.0,1,104,1271690000.0,1,1,0.0,21.656759742030186
IL,2019,37,470925000.0,141,1742615000.0,1,104,1271690000.0,1,0,20.663356584192503,21.656759742030186
IL,2020,34,500000000.0,175,2242615000.0,1,141,1742615000.0,1,1,20.72326583694641,21.971799876111742
IL,2021,0,0.0,175,2242615000.0,1,175,2242615000.0,1,1,0.0,22.224055613193574
IL,2022,0,0.0,175,2242615000.0,1,175,2242615000.0,1,0,0.0,22.224055613193574
IL,2023,0,0.0,175,2242615000.0,1,175,2242615000.0,1,0,0.0,22.224055613193574
IN,2013,0,0.0,0,0.0,0,0,0.0,0,0,0.0,0.0
IN,2014,0,0.0,0,0.0,0,0,0.0,0,0,0.0,0.0
IN,2015,47,298675000.0,47,298675000.0,1,0,0.0,0,0,20.208013764227506,0.0
IN,2016,90,559435000.0,137,858110000.0,1,47,298675000.0,1,1,20.835585084370955,20.208013764227506
IN,2017,21,145540000.0,158,1003650000.0,1,137,858110000.0,1,1,19.48910870144316,21.26339003492281
IN,2018,16,153195000.0,174,1156845000.0,1,158,1003650000.0,1,1,19.540369358222392,21.420056372421154
IN,2019,88,861580000.0,262,2018425000.0,1,174,1156845000.0,1,1,21.26742565146931,21.562109489587055
IN,2020,22,57085000.0,284,2075510000.0,1,262,2018425000.0,1,1,18.55319912365251,22.118730521822716
IN,2021,54,1290075000.0,338,3365585000.0,1,284,2075510000.0,1,1,21.671113373724783,22.146619924121822
IN,2022,55,979900000.0,393,4345485000.0,1,338,3365585000.0,1,1,21.396108264165992,22.63001481393298
IN,2023,30,218635000.0,423,4564120000.0,1,393,4345485000.0,1,1,19.896061411240023,22.88555039254904
KS,2013,0,0.0,0,0.0,0,0,0.0,0,0,0.0,0.0
KS,2014,0,0.0,0,0.0,0,0,0.0,0,0,0.0,0.0
KS,2015,0,0.0,0,0.0,0,0,0.0,0,0,0.0,0.0
KS,2016,0,0.0,0,0.0,0,0,0.0,0,0,0.0,0.0
KS,2017,0,0.0,0,0.0,0,0,0.0,0,0,0.0,0.0
KS,2018,0,0.0,0,0.0,0,0,0.0,0,0,0.0,0.0
KS,2019,0,0.0,0,0.0,0,0,0.0,0,0,0.0,0.0
KS,2020,0,0.0,0,0.0,0,0,0.0,0,0,0.0,0.0
KS,2021,0,0.0,0,0.0,0,0,0.0,0,0,0.0,0.0
KS,2022,0,0.0,0,0.0,0,0,0.0,0,0,0.0,0.0
KS,2023,21,152200000.0,21,152200000.0,1,0,0.0,0,0,19.533853183951805,0.0
KY,2013,0,0.0,0,0.0,0,0,0.0,0,0,0.0,0.0
KY,2014,0,0.0,0,0.0,0,0,0.0,0,0,0.0,0.0
KY,2015,0,0.0,0,0.0,0,0,0.0,0,0,0.0,0.0
KY,2016,0,0.0,0,0.0,0,0,0.0,0,0,0.0,0.0
KY,2017,0,0.0,0,0.0,0,0,0.0,0,0,0.0,0.0
KY,2018,0,0.0,0,0.0,0,0,0.0,0,0,0.0,0.0
KY,2019,0,0.0,0,0.0,0,0,0.0,0,0,0.0,0.0
KY,2020,0,0.0,0,0.0,0,0,0.0,0,0,0.0,0.0
KY,2021,0,0.0,0,0.0,0,0,0.0,0,0,0.0,0.0
KY,2022,0,0.0,0,0.0,0,0,0.0,0,0,0.0,0.0
KY,2023,0,0.0,0,0.0,0,0,0.0,0,0,0.0,0.0
LA,2013,0,0.0,0,0.0,0,0,0.0,0,0,0.0,0.0
LA,2014,0,0.0,0,0.0,0,0,0.0,0,0,0.0,0.0
LA,2015,0,0.0,0,0.0,0,0,0.0,0,0,0.0,0.0
LA,2016,1,83680000.0,1,83680000.0,1,0,0.0,0,0,18.93565773884083,0.0
LA,2017,0,0.0,1,83680000.0,1,1,83680000.0,1,1,0.0,18.93565773884083
LA,2018,4,44505000.0,5,128185000.0,1,1,83680000.0,1,0,18.304259280935113,18.93565773884083
LA,2019,7,87480000.0,12,215665000.0,1,5,128185000.0,1,1,18.980067934332787,19.36213227148502
LA,2020,2,204115000.0,14,419780000.0,1,12,215665000.0,1,1,19.827341299025107,19.882384016351878
LA,2021,10,547880000.0,24,967660000.0,1,14,419780000.0,1,1,20.81471402339084,20.54838850304169
LA,2022,1,12455000.0,25,980115000.0,1,24,967660000.0,1,1,17.030779887238364,21.383538524432275
LA,2023,2,88000000.0,27,1068115000.0,1,25,980115000.0,1,1,18.985994553002428,21.396327650243
MA,2013,28,285605000.0,28,285605000.0,1,0,0.0,0,0,20.163267475839206,0.0
MA,2014,72,1009350000.0,100,1294955000.0,1,28,285605000.0,1,1,21.425719576826655,20.163267475839206
MA,2015,36,386310000.0,136,1681265000.0,1,100,1294955000.0,1,1,20.46529789447802,21.674888963019345
MA,2016,82,1427435000.0,218,3108700000.0,1,136,1681265000.0,1,1,21.772292144867063,21.935959503767656
MA,2017,58,662835000.0,276,3771535000.0,1,218,3108700000.0,1,1,21.005183828958828,22.55061764987759
MA,2018,29,190980000.0,305,3962515000.0,1,276,3771535000.0,1,1,19.760826449046277,22.743895097902115
MA,2019,56,836980000.0,361,4799495000.0,1,305,3962515000.0,1,1,21.238457913865602,22.793291942191548
MA,2020,17,87305000.0,378,4886800000.0,1,361,4799495000.0,1,1,18.97806547349831,22.984923721552082
MA,2021,84,950985000.0,462,5837785000.0,1,378,4886800000.0,1,1,21.366156028074553,23.002950710054126
MA,2022,46,573410000.0,508,6411195000.0,1,462,5837785000.0,1,1,20.860258731653996,23.18076446157941
MA,2023,56,515430000.0,564,6926625000.0,1,508,6411195000.0,1,1,20.753659242266206,23.274458698520593
MD,2013,0,0.0,0,0.0,0,0,0.0,0,0,0.0,0.0
MD,2014,14,100000000.0,14,100000000.0,1,0,0.0,0,0,19.11382792451231,0.0
MD,2015,13,180000000.0,27,280000000.0,1,14,100000000.0,1,1,19.70161458941443,19.11382792451231
MD,2016,31,313035000.0,58,593035000.0,1,27,280000000.0,1,1,20.254972743899124,20.14344734169347
MD,2017,0,0.0,58,593035000.0,1,58,593035000.0,1,1,0.0,20.893911157702647
MD,2018,0,0.0,58,593035000.0,1,58,593035000.0,1,0,0.0,20.893911157702647
MD,2019,3,159500000.0,61,752535000.0,1,58,593035000.0,1,0,19.580701660749117,20.893911157702647
MD,2020,21,33995000.0,82,786530000.0,1,61,752535000.0,1,1,18.034871193502642,21.132105245693523
MD,2021,0,0.0,82,786530000.0,1,82,786530000.0,1,1,0.0,21.176288603969606
MD,2022,18,643455000.0,100,1429985000.0,1,82,786530000.0,1,0,20.975509833045248,21.176288603969606
MD,2023,0,0.0,100,1429985000.0,1,100,1429985000.0,1,1,0.0,21.77407697221267
ME,2013,0,0.0,0,0.0,0,0,0.0,0,0,0.0,0.0
ME,2014,0,0.0,0,0.0,0,0,0.0,0,0,0.0,0.0
ME,2015,0,0.0,0,0.0,0,0,0.0,0,0,0.0,0.0
ME,2016,0,0.0,0,0.0,0,0,0.0,0,0,0.0,0.0
ME,2017,1,45000000.0,1,45000000.0,1,0,0.0,0,0,18.31532022829454,0.0
ME,2018,0,0.0,1,45000000.0,1,1,45000000.0,1,1,0.0,18.31532022829454
ME,2019,1,7000000.0,2,52000000.0,1,1,45000000.0,1,0,16.45456788757954,18.31532022829454
ME,2020,0,0.0,2,52000000.0,1,2,52000000.0,1,1,0.0,18.459901457105648
ME,2021,14,123930000.0,16,175930000.0,1,2,52000000.0,1,0,19.328374628601,18.459901457105648
ME,2022,0,0.0,16,175930000.0,1,16,175930000.0,1,1,0.0,19.678743927175173
ME,2023,0,0.0,16,175930000.0,1,16,175930000.0,1,0,0.0,19.678743927175173
MI,2013,14,137745000.0,14,137745000.0,1,0,0.0,0,0,19.434061888257816,0.0
MI,2014,5,65140000.0,19,202885000.0,1,14,137745000.0,1,1,18.685196538372306,19.434061888257816
MI,2015,14,129115000.0,33,332000000.0,1,19,202885000.0,1,1,19.36936121862817,19.821297054579805
MI,2016,25,375355000.0,58,707355000.0,1,33,332000000.0,1,1,20.436529983355,20.313792707440708
MI,2017,12,119575000.0,70,826930000.0,1,58,707355000.0,1,1,19.29260152809058,21.07019040004064
MI,2018,26,287250000.0,96,1114180000.0,1,70,826930000.0,1,1,20.169010655253086,21.22637778667647
MI,2019,0,0.0,96,1114180000.0,1,96,1114180000.0,1,1,0.0,21.524531725851105
MI,2020,78,255085000.0,174,1369265000.0,1,96,1114180000.0,1,0,20.050254561472766,21.524531725851105
MI,2021,21,219770000.0,195,1589035000.0,1,174,1369265000.0,1,1,19.90123928346234,21.730687117030364
MI,2022,1,300000000.0,196,1889035000.0,1,195,1589035000.0,1,1,20.21244021318042,21.879539931250076
MI,2023,20,78850000.0,216,1967885000.0,1,196,1889035000.0,1,1,18.876205051933265,22.052479134175947
MN,2013,0,0.0,0,0.0,0,0,0.0,0,0,0.0,0.0
MN,2014,0,0.0,0,0.0,0,0,0.0,0,0,0.0,0.0
MN,2015,0,0.0,0,0.0,0,0,0.0,0,0,0.0,0.0
MN,2016,20,247425000.0,20,247425000.0,1,0,0.0,0,0,20.019765244306974,0.0
MN,2017,0,0.0,20,247425000.0,1,20,247425000.0,1,1,0.0,20.019765244306974
MN,2018,0,0.0,20,247425000.0,1,20,247425000.0,1,0,0.0,20.019765244306974
MN,2019,0,0.0,20,247425000.0,1,20,247425000.0,1,0,0.0,20.019765244306974
MN,2020,0,0.0,20,247425000.0,1,20,247425000.0,1,0,0.0,20.019765244306974
MN,2021,0,0.0,20,247425000.0,1,20,247425000.0,1,0,0.0,20.019765244306974
MN,2022,20,60720000.0,40,308145000.0,1,20,247425000.0,1,0,18.614930871611595,20.019765244306974
MN,2023,39,509685000.0,79,817830000.0,1,40,308145000.0,1,1,20.742450626361244,20.239228189936803
MO,2013,9,75630000.0,9,75630000.0,1,0,0.0,0,0,18.834510768392157,0.0
MO,2014,0,0.0,9,75630000.0,1,9,75630000.0,1,1,0.0,18.834510768392157
MO,2015,69,196110000.0,78,271740000.0,1,9,75630000.0,1,0,19.787333464816967,18.834510768392157
MO,2016,0,0.0,78,271740000.0,1,78,271740000.0,1,1,0.0,20.113503465320395
MO,2017,0,0.0,78,271740000.0,1,78,271740000.0,1,0,0.0,20.113503465320395
MO,2018,33,31610000.0,111,303350000.0,1,78,271740000.0,1,0,17.962131264751747,20.113503465320395
MO,2019,0,0.0,111,303350000.0,1,111,303350000.0,1,1,0.0,20.223544992912526
MO,2020,29,175355000.0,140,478705000.0,1,111,303350000.0,1,0,19.675470229103652,20.223544992912526
MO,2021,0,0.0,140,478705000.0,1,140,478705000.0,1,1,0.0,20.67974227982322
MO,2022,0,0.0,140,478705000.0,1,140,478705000.0,1,0,0.0,20.67974227982322
MO,2023,15,10920000.0,155,489625000.0,1,140,478705000.0,1,0,16.89925370884098,20.67974227982322
MS,2013,0,0.0,0,0.0,0,0,0.0,0,0,0.0,0.0
MS,2014,0,0.0,0,0.0,0,0,0.0,0,0,0.0,0.0
MS,2015,0,0.0,0,0.0,0,0,0.0,0,0,0.0,0.0
MS,2016,0,0.0,0,0.0,0,0,0.0,0,0,0.0,0.0
MS,2017,0,0.0,0,0.0,0,0,0.0,0,0,0.0,0.0
MS,2018,0,0.0,0,0.0,0,0,0.0,0,0,0.0,0.0
MS,2019,1,13000000.0,1,13000000.0,1,0,0.0,0,0,17.073607095985757,0.0
MS,2020,10,41000000.0,11,54000000.0,1,1,13000000.0,1,1,18.222229805228526,17.073607095985757
MS,2021,1,15000000.0,12,69000000.0,1,11,54000000.0,1,1,17.21670793962643,18.497641785088494
MS,2022,1,100000000.0,13,169000000.0,1,12,69000000.0,1,1,19.11382792451231,18.742764243121478
MS,2023,0,0.0,13,169000000.0,1,13,169000000.0,1,1,0.0,19.638556453447293
MT,2013,0,0.0,0,0.0,0,0,0.0,0,0,0.0,0.0
MT,2014,0,0.0,0,0.0,0,0,0.0,0,0,0.0,0.0
MT,2015,20,24365000.0,20,24365000.0,1,0,0.0,0,0,17.701805414819688,0.0
MT,2016,0,0.0,20,24365000.0,1,20,24365000.0,1,1,0.0,17.701805414819688
MT,2017,0,0.0,20,24365000.0,1,20,24365000.0,1,0,0.0,17.701805414819688
MT,2018,0,0.0,20,24365000.0,1,20,24365000.0,1,0,0.0,17.701805414819688
MT,2019,0,0.0,20,24365000.0,1,20,24365000.0,1,0,0.0,17.701805414819688
MT,2020,16,24865000.0,36,49230000.0,1,20,24365000.0,1,0,17.72211893069092,17.701805414819688
MT,2021,0,0.0,36,49230000.0,1,36,49230000.0,1,1,0.0,18.40516093229433
MT,2022,0,0.0,36,49230000.0,1,36,49230000.0,1,0,0.0,18.40516093229433
MT,2023,0,0.0,36,49230000.0,1,36,49230000.0,1,0,0.0,18.40516093229433
NC,2013,0,0.0,0,0.0,0,0,0.0,0,0,0.0,0.0
NC,2014,0,0.0,0,0.0,0,0,0.0,0,0,0.0,0.0
NC,2015,0,0.0,0,0.0,0,0,0.0,0,0,0.0,0.0
NC,2016,0,0.0,0,0.0,0,0,0.0,0,0,0.0,0.0
NC,2017,0,0.0,0,0.0,0,0,0.0,0,0,0.0,0.0
NC,2018,0,0.0,0,0.0,0,0,0.0,0,0,0.0,0.0
NC,2019,0,0.0,0,0.0,0,0,0.0,0,0,0.0,0.0
NC,2020,0,0.0,0,0.0,0,0,0.0,0,0,0.0,0.0
NC,2021,0,0.0,0,0.0,0,0,0.0,0,0,0.0,0.0
NC,2022,0,0.0,0,0.0,0,0,0.0,0,0,0.0,0.0
NC,2023,0,0.0,0,0.0,0,0,0.0,0,0,0.0,0.0
ND,2013,0,0.0,0,0.0,0,0,0.0,0,0,0.0,0.0
ND,2014,0,0.0,0,0.0,0,0,0.0,0,0,0.0,0.0
ND,2015,0,0.0,0,0.0,0,0,0.0,0,0,0.0,0.0
ND,2016,0,0.0,0,0.0,0,0,0.0,0,0,0.0,0.0
ND,2017,0,0.0,0,0.0,0,0,0.0,0,0,0.0,0.0
ND,2018,17,93030000.0,17,93030000.0,1,0,0.0,0,0,19.041579760304685,0.0
ND,2019,4,7355000.0,21,100385000.0,1,17,93030000.0,1,1,16.504038092577623,19.041579760304685
ND,2020,0,0.0,21,100385000.0,1,21,100385000.0,1,1,0.0,19.117670532229763
ND,2021,0,0.0,21,100385000.0,1,21,100385000.0,1,0,0.0,19.117670532229763
ND,2022,20,85330000.0,41,185715000.0,1,21,100385000.0,1,0,18.955183831072713,19.117670532229763
ND,2023,0,0.0,41,185715000.0,1,41,185715000.0,1,1,0.0,19.732870979064984
NE,2013,0,0.0,0,0.0,0,0,0.0,0,0,0.0,0.0
NE,2014,11,9825000.0,11,9825000.0,1,0,0.0,0,0,16.793587896279547,0.0
NE,2015,0,0.0,11,9825000.0,1,11,9825000.0,1,1,0.0,16.793587896279547
NE,2016,0,0.0,11,9825000.0,1,11,9825000.0,1,0,0.0,16.793587896279547
NE,2017,0,0.0,11,9825000.0,1,11,9825000.0,1,0,0.0,16.793587896279547
NE,2018,0,0.0,11,9825000.0,1,11,9825000.0,1,0,0.0,16.793587896279547
NE,2019,0,0.0,11,9825000.0,1,11,9825000.0,1,0,0.0,16.793587896279547
NE,2020,0,0.0,11,9825000.0,1,11,9825000.0,1,0,0.0,16.793587896279547
NE,2021,2,89405000.0,13,99230000.0,1,11,9825000.0,1,0,19.001834347551387,16.793587896279547
NE,2022,0,0.0,13,99230000.0,1,13,99230000.0,1,1,0.0,19.10609812645037
NE,2023,0,0.0,13,99230000.0,1,13,99230000.0,1,0,0.0,19.10609812645037
NH,2013,0,0.0,0,0.0,0,0,0.0,0,0,0.0,0.0
NH,2014,0,0.0,0,0.0,0,0,0.0,0,0,0.0,0.0
NH,2015,0,0.0,0,0.0,0,0,0.0,0,0,0.0,0.0
NH,2016,0,0.0,0,0.0,0,0,0.0,0,0,0.0,0.0
NH,2017,0,0.0,0,0.0,0,0,0.0,0,0,0.0,0.0
NH,2018,0,0.0,0,0.0,0,0,0.0,0,0,0.0,0.0
NH,2019,0,0.0,0,0.0,0,0,0.0,0,0,0.0,0.0
NH,2020,1,90000000.0,1,90000000.0,1,0,0.0,0,0,19.008467408854486,0.0
NH,2021,0,0.0,1,90000000.0,1,1,90000000.0,1,1,0.0,19.008467408854486
NH,2022,0,0.0,1,90000000.0,1,1,90000000.0,1,0,0.0,19.008467408854486
NH,2023,0,0.0,1,90000000.0,1,1,90000000.0,1,0,0.0,19.008467408854486
NJ,2013,0,0.0,0,0.0,0,0,0.0,0,0,0.0,0.0
NJ,2014,0,0.0,0,0.0,0,0,0.0,0,0,0.0,0.0
NJ,2015,19,9555000.0,19,9555000.0,1,0,0.0,0,0,16.765722316216458,0.0
NJ,2016,41,31125000.0,60,40680000.0,1,19,9555000.0,1,1,17.94666909330909,16.765722316216458
NJ,2017,116,224385000.0,176,265065000.0,1,60,40680000.0,1,1,19.922021065018754,18.214394309704577
NJ,2018,63,52230000.0,239,317295000.0,1,176,265065000.0,1,1,18.464314780972426,20.088632817452346
NJ,2019,47,22320000.0,286,339615000.0,1,239,317295000.0,1,1,17.61414087603733,20.268489679031443
NJ,2020,59,282065000.0,345,621680000.0,1,286,339615000.0,1,1,20.150795279356007,20.33647036159727
NJ,2021,45,150995000.0,390,772675000.0,1,345,621680000.0,1,1,19.52590446220813,20.941083229425207
NJ,2022,46,138465000.0,436,911140000.0,1,390,772675000.0,1,1,19.439275324634444,21.15851625885727
NJ,2023,18,190365000.0,454,1101505000.0,1,436,911140000.0,1,1,19.757601020454455,21.323354301254753
NM,2013,0,0.0,0,0.0,0,0,0.0,0,0,0.0,0.0
NM,2014,0,0.0,0,0.0,0,0,0.0,0,0,0.0,0.0
NM,2015,0,0.0,0,0.0,0,0,0.0,0,0,0.0,0.0
NM,2016,0,0.0,0,0.0,0,0,0.0,0,0,0.0,0.0
NM,2017,0,0.0,0,0.0,0,0,0.0,0,0,0.0,0.0
NM,2018,0,0.0,0,0.0,0,0,0.0,0,0,0.0,0.0
NM,2019,20,43870000.0,20,43870000.0,1,0,0.0,0,0,18.289888453702343,0.0
NM,2020,0,0.0,20,43870000.0,1,20,43870000.0,1,1,0.0,18.289888453702343
NM,2021,0,0.0,20,43870000.0,1,20,43870000.0,1,0,0.0,18.289888453702343
NM,2022,0,0.0,20,43870000.0,1,20,43870000.0,1,0,0.0,18.289888453702343
NM,2023,0,0.0,20,43870000.0,1,20,43870000.0,1,0,0.0,18.289888453702343
NV,2013,0,0.0,0,0.0,0,0,0.0,0,0,0.0,0.0
NV,2014,0,0.0,0,0.0,0,0,0.0,0,0,0.0,0.0
NV,2015,0,0.0,0,0.0,0,0,0.0,0,0,0.0,0.0
NV,2016,0,0.0,0,0.0,0,0,0.0,0,0,0.0,0.0
NV,2017,3,171960000.0,3,171960000.0,1,0,0.0,0,0,19.6559196301523,0.0
NV,2018,2,47040000.0,5,219000000.0,1,3,171960000.0,1,1,18.35965604211459,19.6559196301523
NV,2019,2,55175000.0,7,274175000.0,1,5,219000000.0,1,1,18.519167690667018,19.89772946834072
NV,2020,1,20000000.0,8,294175000.0,1,7,274175000.0,1,1,17.50439001207821,20.122424327170492
NV,2021,22,22875000.0,30,317050000.0,1,8,294175000.0,1,1,17.638702349685804,20.192832566874213
NV,2022,25,22935000.0,55,339985000.0,1,30,317050000.0,1,1,17.641321866573357,20.26771722867026
NV,2023,44,49305000.0,99,389290000.0,1,55,339985000.0,1,1,18.406683234308513,20.337559237514157
NY,2013,82,591975000.0,82,591975000.0,1,0,0.0,0,0,20.892122142786796,0.0
NY,2014,68,561020000.0,150,1152995000.0,1,82,591975000.0,1,1,20.838414294035335,20.892122142786796
NY,2015,114,699115000.0,264,1852110000.0,1,150,1152995000.0,1,1,21.058472987969896,21.55877592227043
NY,2016,203,2100580000.0,467,3952690000.0,1,264,1852110000.0,1,1,22.158626514578355,22.032738547214898
NY,2017,404,5701606605.34,871,9654296605.34,1,467,3952690000.0,1,1,23.157161013217593,22.79080937729372
NY,2018,206,1388450000.0,1077,11042746605.34,1,871,9654296605.34,1,1,21.744601034539873,23.683816077842202
NY,2019,131,2173485000.0,1208,13216231605.34,1,1077,11042746605.34,1,1,22.192744887618,23.8181868141286
NY,2020,120,5828950000.0,1328,19045181605.34,1,1208,13216231605.34,1,1,23.179249898732326,23.997858758748556
NY,2021,100,2373275000.0,1428,21418456605.34,1,1328,19045181605.34,1,1,22.280683875308387,24.363227152982954
NY,2022,137,4107157066.23,1565,25525613671.57,1,1428,21418456605.34,1,1,22.829144095292243,24.480666026024256
NY,2023,244,7146585000.0,1809,32672198671.57,1,1565,25525613671.57,1,1,23.38304763773675,24.656095423249276
OH,2013,2,17355914.0,2,17355914.0,1,0,0.0,0,0,17.36259105138928,0.0
OH,2014,35,364230000.0,37,381585914.0,1,2,17355914.0,1,1,20.406443274748213,17.36259105138928
OH,2015,0,0.0,37,381585914.0,1,37,381585914.0,1,1,0.0,20.452993764419144
OH,2016,53,744050000.0,90,1125635914.0,1,37,381585914.0,1,0,21.12076597540028,20.452993764419144
OH,2017,14,423765000.0,104,1549400914.0,1,90,1125635914.0,1,1,20.557836794822464,21.534761150354132
OH,2018,44,251405000.0,148,1800805914.0,1,104,1549400914.0,1,1,20.0357229231063,21.854281366627617
OH,2019,81,1010470000.0,229,2811275914.0,1,148,1800805914.0,1,1,21.426828586654057,22.004647312207307
OH,2020,76,792175000.0,305,3603450914.0,1,229,2811275914.0,1,1,21.18344006552663,22.4500514597188
OH,2021,67,1075000000.0,372,4678450914.0,1,305,3603450914.0,1,1,21.488733679085982,22.69830499103931
OH,2022,0,0.0,372,4678450914.0,1,372,4678450914.0,1,1,0.0,22.959380071360844
OH,2023,87,1311150000.0,459,5989600914.0,1,372,4678450914.0,1,0,21.687317632218825,22.959380071360844
OK,2013,0,0.0,0,0.0,0,0,0.0,0,0,0.0,0.0
OK,2014,0,0.0,0,0.0,0,0,0.0,0,0,0.0,0.0
OK,2015,26,100620000.0,26,100620000.0,1,0,0.0,0,0,19.12000878358739,0.0
OK,2016,0,0.0,26,100620000.0,1,26,100620000.0,1,1,0.0,19.12000878358739
OK,2017,0,0.0,26,100620000.0,1,26,100620000.0,1,0,0.0,19.12000878358739
OK,2018,20,80055000.0,46,180675000.0,1,26,100620000.0,1,0,18.89137163697824,19.12000878358739
OK,2019,0,0.0,46,180675000.0,1,46,180675000.0,1,1,0.0,19.705357575693263
OK,2020,0,0.0,46,180675000.0,1,46,180675000.0,1,0,0.0,19.705357575693263
OK,2021,26,219000000.0,72,399675000.0,1,46,180675000.0,1,0,19.89772946834072,19.705357575693263
OK,2022,61,121375000.0,133,521050000.0,1,72,399675000.0,1,1,19.30754266513571,20.499309455375176
OK,2023,26,249975000.0,159,771025000.0,1,133,521050000.0,1,1,20.030018651386133,20.764503744962656
OR,2013,0,0.0,0,0.0,0,0,0.0,0,0,0.0,0.0
OR,2014,15,2080000.0,15,2080000.0,1,0,0.0,0,0,15.241025632237504,0.0
OR,2015,0,0.0,15,2080000.0,1,15,2080000.0,1,1,0.0,15.241025632237504
OR,2016,0,0.0,15,2080000.0,1,15,2080000.0,1,0,0.0,15.241025632237504
OR,2017,20,5000000.0,35,7080000.0,1,15,2080000.0,1,0,16.11809565095833,15.241025632237504
OR,2018,0,0.0,35,7080000.0,1,35,7080000.0,1,1,0.0,16.46593164622985
OR,2019,0,0.0,35,7080000.0,1,35,7080000.0,1,0,0.0,16.46593164622985
OR,2020,0,0.0,35,7080000.0,1,35,7080000.0,1,0,0.0,16.46593164622985
OR,2021,12,338380000.0,47,345460000.0,1,35,7080000.0,1,0,20.33282726285487,16.46593164622985
OR,2022,0,0.0,47,345460000.0,1,47,345460000.0,1,1,0.0,20.35353460078936
OR,2023,17,566120000.0,64,911580000.0,1,47,345460000.0,1,0,20.847463808389858,20.35353460078936
PA,2013,7,48000000.0,7,48000000.0,1,0,0.0,0,0,18.37985874943211,0.0
PA,2014,0,0.0,7,48000000.0,1,7,48000000.0,1,1,0.0,18.37985874943211
PA,2015,20,65000000.0,27,113000000.0,1,7,48000000.0,1,0,18.683045008419857,18.37985874943211
PA,2016,0,0.0,27,113000000.0,1,27,113000000.0,1,1,0.0,19.23604555723656
PA,2017,0,0.0,27,113000000.0,1,27,113000000.0,1,0,0.0,19.23604555723656
PA,2018,0,0.0,27,113000000.0,1,27,113000000.0,1,0,0.0,19.23604555723656
PA,2019,9,90825000.0,36,203825000.0,1,27,113000000.0,1,0,19.017592316631486,19.23604555723656
PA,2020,40,294060000.0,76,497885000.0,1,36,203825000.0,1,1,20.19244156667373,19.825919521073192
PA,2021,0,0.0,76,497885000.0,1,76,497885000.0,1,1,0.0,20.71902686518711
PA,2022,2,12000000.0,78,509885000.0,1,76,497885000.0,1,0,16.993564388312222,20.71902686518711
PA,2023,0,0.0,78,509885000.0,1,78,509885000.0,1,1,0.0,20.742842948619774
RI,2013,0,0.0,0,0.0,0,0,0.0,0,0,0.0,0.0
RI,2014,0,0.0,0,0.0,0,0,0.0,0,0,0.0,0.0
RI,2015,42,78915000.0,42,78915000.0,1,0,0.0,0,0,18.8770290623751,0.0
RI,2016,21,18790000.0,63,97705000.0,1,42,78915000.0,1,1,17.441982551949593,18.8770290623751
RI,2017,37,39480000.0,100,137185000.0,1,63,97705000.0,1,1,18.1844519530895,19.090610473336127
RI,2018,42,46220000.0,142,183405000.0,1,100,137185000.0,1,1,18.342070343370455,19.42998811839304
RI,2019,33,144470000.0,175,327875000.0,1,142,183405000.0,1,1,19.48172961206551,19.720354560788483
RI,2020,36,210330000.0,211,538205000.0,1,175,327875000.0,1,1,19.857335464411204,20.30129017671126
RI,2021,0,0.0,211,538205000.0,1,211,538205000.0,1,1,0.0,20.796897267000553
RI,2022,0,0.0,211,538205000.0,1,211,538205000.0,1,0,0.0,20.796897267000553
RI,2023,17,77260000.0,228,615465000.0,1,211,538205000.0,1,0,18.855834095762354,20.796897267000553
SC,2013,0,0.0,0,0.0,0,0,0.0,0,0,0.0,0.0
SC,2014,0,0.0,0,0.0,0,0,0.0,0,0,0.0,0.0
SC,2015,0,0.0,0,0.0,0,0,0.0,0,0,0.0,0.0
SC,2016,0,0.0,0,0.0,0,0,0.0,0,0,0.0,0.0
SC,2017,3,43850000.0,3,43850000.0,1,0,0.0,0,0,18.28943245734241,0.0
SC,2018,2,12500000.0,5,56350000.0,1,3,43850000.0,1,1,17.034386382832476,18.28943245734241
SC,2019,4,19500000.0,9,75850000.0,1,5,56350000.0,1,1,17.47907220409392,18.540239979010003
SC,2020,3,14500000.0,12,90350000.0,1,9,75850000.0,1,1,17.182806387950748,18.83741544431876
SC,2021,4,60000000.0,16,150350000.0,1,12,90350000.0,1,1,18.60300230074632,19.012348755562456
SC,2022,0,0.0,16,150350000.0,1,16,150350000.0,1,1,0.0,19.52162364795876
SC,2023,0,0.0,16,150350000.0,1,16,150350000.0,1,0,0.0,19.52162364795876
SD,2013,0,0.0,0,0.0,0,0,0.0,0,0,0.0,0.0
SD,2014,0,0.0,0,0.0,0,0,0.0,0,0,0.0,0.0
SD,2015,0,0.0,0,0.0,0,0,0.0,0,0,0.0,0.0
SD,2016,0,0.0,0,0.0,0,0,0.0,0,0,0.0,0.0
SD,2017,0,0.0,0,0.0,0,0,0.0,0,0,0.0,0.0
SD,2018,20,96355000.0,20,96355000.0,1,0,0.0,0,0,19.076697026174102,0.0
SD,2019,0,0.0,20,96355000.0,1,20,96355000.0,1,1,0.0,19.076697026174102
SD,2020,0,0.0,20,96355000.0,1,20,96355000.0,1,0,0.0,19.076697026174102
SD,2021,0,0.0,20,96355000.0,1,20,96355000.0,1,0,0.0,19.076697026174102
SD,2022,46,156675000.0,66,253030000.0,1,20,96355000.0,1,0,19.562831334634957,19.076697026174102
SD,2023,0,0.0,66,253030000.0,1,66,253030000.0,1,1,0.0,20.042165797297134
TN,2013,0,0.0,0,0.0,0,0,0.0,0,0,0.0,0.0
TN,2014,0,0.0,0,0.0,0,0,0.0,0,0,0.0,0.0
TN,2015,0,0.0,0,0.0,0,0,0.0,0,0,0.0,0.0
TN,2016,0,0.0,0,0.0,0,0,0.0,0,0,0.0,0.0
TN,2017,0,0.0,0,0.0,0,0,0.0,0,0,0.0,0.0
TN,2018,0,0.0,0,0.0,0,0,0.0,0,0,0.0,0.0
TN,2019,0,0.0,0,0.0,0,0,0.0,0,0,0.0,0.0
TN,2020,0,0.0,0,0.0,0,0,0.0,0,0,0.0,0.0
TN,2021,0,0.0,0,0.0,0,0,0.0,0,0,0.0,0.0
TN,2022,0,0.0,0,0.0,0,0,0.0,0,0,0.0,0.0
TN,2023,0,0.0,0,0.0,0,0,0.0,0,0,0.0,0.0
TX,2013,22,187990000.0,22,187990000.0,1,0,0.0,0,0,19.74504650845009,0.0
TX,2014,0,0.0,22,187990000.0,1,22,187990000.0,1,1,0.0,19.74504650845009
TX,2015,0,0.0,22,187990000.0,1,22,187990000.0,1,0,0.0,19.74504650845009
TX,2016,4,206040000.0,26,394030000.0,1,22,187990000.0,1,0,19.836728063221603,19.74504650845009
TX,2017,0,0.0,26,394030000.0,1,26,394030000.0,1,1,0.0,20.485084787055467
TX,2018,0,0.0,26,394030000.0,1,26,394030000.0,1,0,0.0,20.485084787055467
TX,2019,36,835825000.0,62,1229855000.0,1,26,394030000.0,1,0,21.23707699955277,20.485084787055467
TX,2020,36,697315000.0,98,1927170000.0,1,62,1229855000.0,1,1,21.055894984064345,21.6233092937627
TX,2021,4,120000000.0,102,2047170000.0,1,98,1927170000.0,1,1,19.296149481306266,22.072465623078564
TX,2022,53,1196400000.0,155,3243570000.0,1,102,2047170000.0,1,1,21.595730065280012,22.132871369100645
TX,2023,140,1355100000.0,295,4598670000.0,1,155,3243570000.0,1,1,21.720288269852887,22.593087592569237
UT,2013,0,0.0,0,0.0,0,0,0.0,0,0,0.0,0.0
UT,2014,0,0.0,0,0.0,0,0,0.0,0,0,0.0,0.0
UT,2015,0,0.0,0,0.0,0,0,0.0,0,0,0.0,0.0
UT,2016,0,0.0,0,0.0,0,0,0.0,0,0,0.0,0.0
UT,2017,0,0.0,0,0.0,0,0,0.0,0,0,0.0,0.0
UT,2018,0,0.0,0,0.0,0,0,0.0,0,0,0.0,0.0
UT,2019,0,0.0,0,0.0,0,0,0.0,0,0,0.0,0.0
UT,2020,0,0.0,0,0.0,0,0,0.0,0,0,0.0,0.0
UT,2021,15,8605000.0,15,8605000.0,1,0,0.0,0,0,16.661001168187724,0.0
UT,2022,42,664715000.0,57,673320000.0,1,15,8605000.0,1,1,21.00801611588852,16.661001168187724
UT,2023,38,318170000.0,95,991490000.0,1,57,673320000.0,1,1,20.2712435696564,21.0208784380751
VA,2013,9,104275000.0,9,104275000.0,1,0,0.0,0,0,19.155689378607228,0.0
VA,2014,17,178935000.0,26,283210000.0,1,9,104275000.0,1,1,19.69568034992624,19.155689378607228
VA,2015,24,279775000.0,50,562985000.0,1,26,283210000.0,1,1,20.14264344722831,20.154846410454837
VA,2016,0,0.0,50,562985000.0,1,50,562985000.0,1,1,0.0,20.841910723324965
VA,2017,1,40000000.0,51,602985000.0,1,50,562985000.0,1,0,18.197537192638155,20.841910723324965
VA,2018,1,30000000.0,52,632985000.0,1,51,602985000.0,1,1,17.909855120186375,20.910550059320112
VA,2019,0,0.0,52,632985000.0,1,52,632985000.0,1,1,0.0,20.95910446370516
VA,2020,23,104980000.0,75,737965000.0,1,52,632985000.0,1,0,19.162427594348372,20.95910446370516
VA,2021,0,0.0,75,737965000.0,1,75,737965000.0,1,1,0.0,21.112554136525812
VA,2022,2,65000000.0,77,802965000.0,1,75,737965000.0,1,0,18.683045008419857,21.112554136525812
VA,2023,0,0.0,77,802965000.0,1,77,802965000.0,1,1,0.0,21.196968864970625
VT,2013,0,0.0,0,0.0,0,0,0.0,0,0,0.0,0.0
VT,2014,0,0.0,0,0.0,0,0,0.0,0,0,0.0,0.0
VT,2015,49,46980000.0,49,46980000.0,1,0,0.0,0,0,18.358379717754985,0.0
VT,2016,7,89000000.0,56,135980000.0,1,49,46980000.0,1,1,18.99729410825636,18.358379717754985
VT,2017,18,6115000.0,74,142095000.0,1,56,135980000.0,1,1,16.319402507663362,19.421165554622533
VT,2018,0,0.0,74,142095000.0,1,74,142095000.0,1,1,0.0,19.465153586519826
VT,2019,0,0.0,74,142095000.0,1,74,142095000.0,1,0,0.0,19.465153586519826
VT,2020,0,0.0,74,142095000.0,1,74,142095000.0,1,0,0.0,19.465153586519826
VT,2021,0,0.0,74,142095000.0,1,74,142095000.0,1,0,0.0,19.465153586519826
VT,2022,1,35000000.0,75,177095000.0,1,74,142095000.0,1,0,18.064005800013632,19.465153586519826
VT,2023,0,0.0,75,177095000.0,1,75,177095000.0,1,1,0.0,19.685344050277532
WA,2013,0,0.0,0,0.0,0,0,0.0,0,0,0.0,0.0
WA,2014,0,0.0,0,0.0,0,0,0.0,0,0,0.0,0.0
WA,2015,13,51085000.0,13,51085000.0,1,0,0.0,0,0,18.442148650567606,0.0
WA,2016,0,0.0,13,51085000.0,1,13,51085000.0,1,1,0.0,18.442148650567606
WA,2017,0,0.0,13,51085000.0,1,13,51085000.0,1,0,0.0,18.442148650567606
WA,2018,0,0.0,13,51085000.0,1,13,51085000.0,1,0,0.0,18.442148650567606
WA,2019,15,65010000.0,28,116095000.0,1,13,51085000.0,1,0,18.683198842740598,18.442148650567606
WA,2020,17,60765000.0,45,176860000.0,1,28,116095000.0,1,1,18.61567170384698,19.263066559978547
WA,2021,1,50775000.0,46,227635000.0,1,45,176860000.0,1,1,18.436061845990668,19.68401619767181
WA,2022,16,180950000.0,62,408585000.0,1,46,227635000.0,1,1,19.70687848853397,19.93640120751256
WA,2023,1,160000000.0,63,568585000.0,1,62,408585000.0,1,1,19.583831553758046,20.521357709514355
WI,2013,13,82845000.0,13,82845000.0,1,0,0.0,0,0,18.92562913054548,0.0
WI,2014,0,0.0,13,82845000.0,1,13,82845000.0,1,1,0.0,18.92562913054548
WI,2015,12,133235000.0,25,216080000.0,1,13,82845000.0,1,0,19.400772224877183,18.92562913054548
WI,2016,13,120890000.0,38,336970000.0,1,25,216080000.0,1,1,19.30353877973812,19.88430644800858
WI,2017,18,218705000.0,56,555675000.0,1,38,336970000.0,1,1,19.896381528314144,20.328651644142482
WI,2018,7,92080000.0,63,647755000.0,1,56,555675000.0,1,1,19.031315502937847,20.82884132949505
WI,2019,0,0.0,63,647755000.0,1,63,647755000.0,1,1,0.0,20.982170276964048
WI,2020,19,80000000.0,82,727755000.0,1,63,647755000.0,1,0,18.890684373198102,20.982170276964048
WI,2021,40,415230000.0,122,1142985000.0,1,82,727755000.0,1,1,20.53749032210094,21.09862219161759
WI,2022,20,50000000.0,142,1192985000.0,1,122,1142985000.0,1,1,18.420680743952367,21.55005627887334
WI,2023,0,0.0,142,1192985000.0,1,142,1192985000.0,1,1,0.0,21.59287158719858
WV,2013,0,0.0,0,0.0,0,0,0.0,0,0,0.0,0.0
WV,2014,0,0.0,0,0.0,0,0,0.0,0,0,0.0,0.0
WV,2015,0,0.0,0,0.0,0,0,0.0,0,0,0.0,0.0
WV,2016,0,0.0,0,0.0,0,0,0.0,0,0,0.0,0.0
WV,2017,0,0.0,0,0.0,0,0,0.0,0,0,0.0,0.0
WV,2018,0,0.0,0,0.0,0,0,0.0,0,0,0.0,0.0
WV,2019,0,0.0,0,0.0,0,0,0.0,0,0,0.0,0.0
WV,2020,0,0.0,0,0.0,0,0,0.0,0,0,0.0,0.0
WV,2021,0,0.0,0,0.0,0,0,0.0,0,0,0.0,0.0
WV,2022,0,0.0,0,0.0,0,0,0.0,0,0,0.0,0.0
WV,2023,0,0.0,0,0.0,0,0,0.0,0,0,0.0,0.0
WY,2013,0,0.0,0,0.0,0,0,0.0,0,0,0.0,0.0
WY,2014,0,0.0,0,0.0,0,0,0.0,0,0,0.0,0.0
WY,2015,0,0.0,0,0.0,0,0,0.0,0,0,0.0,0.0
WY,2016,0,0.0,0,0.0,0,0,0.0,0,0,0.0,0.0
WY,2017,0,0.0,0,0.0,0,0,0.0,0,0,0.0,0.0
WY,2018,0,0.0,0,0.0,0,0,0.0,0,0,0.0,0.0
WY,2019,0,0.0,0,0.0,0,0,0.0,0,0,0.0,0.0
WY,2020,0,0.0,0,0.0,0,0,0.0,0,0,0.0,0.0
WY,2021,0,0.0,0,0.0,0,0,0.0,0,0,0.0,0.0
WY,2022,0,0.0,0,0.0,0,0,0.0,0,0,0.0,0.0
WY,2023,0,0.0,0,0.0,0,0,0.0,0,0,0.0,0.0
