Issuer_Name,Issue_Date,n_CUSIPs,n_CUSIPs_covered,Self_reported_Green_any,Total_Face_Value,Primary_State,n_prospectuses,prospectus_files
Alexandria Sanitation Authority,2024-06-25,24,24,Yes,45680000,VA,1,P21823145-P21397824-P21839203
Board of Water Commissioners City & County of Denver/The,2017-05-23,12,12,Yes,142665000,CO,1,EP998065-EP773774-EP1175532
Boston Water & Sewer Commission,2021-07-07,17,17,Yes,157710000,MA,1,P21471764-P21141645-P21554828
Buffalo Sewer Authority,2021-06-16,18,18,Yes,49160000,NY,1,P11502927-P11163904-P11579113
Chicago Board of Education,2015-04-29,1,1,Yes,20000000,IL,1,ER866541-ER677151-ER1078929
Chula Vista Municipal Financing Authority,2017-12-21,24,24,No,13130000,CA,1,ER1112007-ER869797-ER1270532
City & County Honolulu HI Wastewater System Revenue,2022-05-25,21,21,Yes,241355000,HI,1,P11603229-P11236637-P11659652
City & County Honolulu HI Wastewater System Revenue,2023-09-27,20,20,Yes,189785000,HI,1,P11699065-P11306477-P11737668
City & County Honolulu HI Wastewater System Revenue,2024-09-25,8,8,Yes,287200000,HI,1,P11841971-P11371969-P11809858
City & County Honolulu HI Wastewater System Revenue,2025-07-24,1,1,No,11540000,HI,1,P21964955-P21499218-P21951692
City & County Honolulu HI Wastewater System Revenue,2025-09-24,10,10,Yes,205400000,HI,1,P21964955-P21499218-P21951692
City & County of Honolulu HI,2016-10-26,18,15,Yes,143815000,HI,1,EP955560-EP741280-EP1142849
City & County of Honolulu HI,2017-09-14,25,24,Yes,20060000,HI,1,ES1040822-ES813624-ES1215008
City & County of Honolulu HI,2018-09-05,19,18,Yes,189785000,HI,2,ES1040822-ES813624-ES1215008;ES1195945-ER896332-ER1296861
City & County of San Francisco CA,2018-04-03,20,20,No,76710000,CA,1,ES1133203-ES886786-ES1288177
City & County of San Francisco CA,2019-10-23,27,8,Yes,247810000,CA,1,ES1312722-ES1025651-ES1427554
City & County of San Francisco CA Community Facilities District No 2014-1,2017-11-09,17,17,Yes,171405000,CA,4,EP1028838-ES833343-ES1234413;P11636214-P11260306-P11685894;P21502980-P21162007-P21576850;SS1381600-SS1075701-SS1483050
City & County of San Francisco CA Community Facilities District No 2014-1,2019-02-26,18,18,Yes,157310000,CA,5,EP1028838-ES833343-ES1234413;ER1196139-ER936152-ER1337167;P11636214-P11260306-P11685894;P21502980-P21162007-P21576850;SS1381600-SS1075701-SS1483050
City & County of San Francisco CA Community Facilities District No 2014-1,2020-05-14,18,18,Yes,81820000,CA,5,EP1028838-ES833343-ES1234413;ER1196139-ER936152-ER1337167;P11636214-P11260306-P11685894;P21502980-P21162007-P21576850;SS1381600-SS1075701-SS1483050
City & County of San Francisco CA Community Facilities District No 2014-1,2021-11-03,13,13,Yes,33880000,CA,5,EP1028838-ES833343-ES1234413;ER1196139-ER936152-ER1337167;P11636214-P11260306-P11685894;P21502980-P21162007-P21576850;SS1381600-SS1075701-SS1483050
City & County of San Francisco CA Community Facilities District No 2014-1,2022-12-15,17,17,Yes,47380000,CA,5,EP1028838-ES833343-ES1234413;ER1196139-ER936152-ER1337167;P11636214-P11260306-P11685894;P21502980-P21162007-P21576850;SS1381600-SS1075701-SS1483050
City of Albuquerque NM Refuse Removal & Disposal Revenue,2020-06-30,21,21,No,40570000,NM,1,RE1353388-RE1052206-RE1461006
City of Arvada CO Wastewater Revenue,2025-07-09,1,1,Yes,325000,CO,2,P11872315-P11432445-P11877374;P11872319-P11432449-P11877380
City of Arvada CO Wastewater Revenue,2025-07-19,2,2,Yes,910000,CO,2,P11872315-P11432445-P11877374;P11872319-P11432449-P11877380
City of Arvada CO Wastewater Revenue,2025-09-07,22,22,Yes,13320000,CO,2,P11872315-P11432445-P11877374;P11872319-P11432449-P11877380
City of Arvada CO Water Revenue,2025-07-09,2,2,Yes,22515000,CO,2,P11872315-P11432445-P11877374;P11872319-P11432449-P11877380
City of Arvada CO Water Revenue,2025-07-19,2,2,Yes,3250000,CO,2,P11872315-P11432445-P11877374;P11872319-P11432449-P11877380
City of Arvada CO Water Revenue,2025-09-07,19,19,Yes,59905000,CO,2,P11872315-P11432445-P11877374;P11872319-P11432449-P11877380
City of Asheville NC Water System Revenue,2015-06-11,17,17,Yes,50625000,NC,1,EA714162-EA560759-EA956890
City of Asheville NC Water System Revenue,2021-09-30,22,22,Yes,38125000,NC,2,EA714162-EA560759-EA956890;P11530517-P11183208-P11600029
City of Atlanta GA Airport Passenger Facility Charge,2022-08-31,1,1,Yes,10655000,GA,1,P11693706-P11302614-P11733473
City of Atlanta GA Airport Passenger Facility Charge,2023-08-31,16,16,Yes,284530000,GA,1,P11693706-P11302614-P11733473
City of Atlanta GA Department of Aviation,,2,2,Yes,32685000,GA,1,P21963220-P21497913-P21950218
City of Atlanta GA Department of Aviation,2023-08-31,24,24,Yes,206565000,GA,1,P11693706-P11302614-P11733473
City of Atlanta GA Department of Aviation,2024-08-22,22,22,Yes,228545000,GA,1,P21837036-P21408019-P21850316
City of Atlanta GA Department of Aviation,2025-07-09,2,2,Yes,48280000,GA,1,P21963220-P21497913-P21950218
City of Atlanta GA Department of Aviation,2025-07-19,1,1,Yes,266510000,GA,1,P21963220-P21497913-P21950218
City of Atlanta GA Department of Aviation,2025-07-24,9,9,Yes,203695000,GA,1,P21963220-P21497913-P21950218
City of Atlanta GA Department of Aviation,2025-07-25,5,5,Yes,294490000,GA,1,P21963220-P21497913-P21950218
City of Atlanta GA Department of Aviation,2025-09-24,3,3,Yes,68980000,GA,1,P21963220-P21497913-P21950218
City of Atlanta GA Water & Wastewater Revenue,2019-01-31,2,2,No,14020000,GA,1,ES1235917-ES965388-ES1366271
City of Aurora CO Sewer Revenue,2023-02-23,19,19,No,43780000,CO,1,P21664627-P21281129-P21709782
City of Aurora CO Water Revenue,2016-08-16,26,26,Yes,437025000,CO,2,EP942755-EP731498-EP1133209;P11525769-P11178196-P11594549
City of Aurora CO Water Revenue,2021-09-09,17,17,Yes,265230000,CO,2,EP942755-EP731498-EP1133209;P11525769-P11178196-P11594549
City of Battle Creek MI Water & Wastewater System Revenue,2016-12-28,15,15,No,8890000,MI,1,ER1000524-ER782761-ER1183971
City of Bend OR Sewer Revenue,2020-09-30,23,16,No,37925000,OR,1,P11413696-P11098194-P11507222
City of Berkeley CA,2020-04-16,20,20,Yes,7790000,CA,1,RE1347013-RE1047751-RE1456143
City of Berkeley CA,2020-06-03,20,20,Yes,11690000,CA,1,SS1383167-SS1076813-SS1484278
City of Bloomington IN,2021-12-21,24,24,No,10770000,IN,1,P11550123-P11196959-P11615014
City of Bloomington IN Sewage Works Revenue,2020-12-23,15,15,Yes,24445000,IN,2,P21520597-P21175877-P21592245;P31405898-P31093081-P31502131
City of Bloomington IN Sewage Works Revenue,2021-12-21,11,11,Yes,5705000,IN,1,P21520597-P21175877-P21592245
City of Bloomington IN Waterworks Revenue,2022-06-23,19,19,Yes,15430000,IN,1,P21579687-P21219463-P21641161
City of Bloomington MN,2018-12-05,15,15,Yes,10805000,MN,1,ER1167878-ER912933-ER1313398
City of Boise City ID Water Renewal Revenue,2022-06-30,16,2,No,76835000,ID,1,P11610223-P11241605-P11665208
City of Boston MA,2020-12-30,4,4,Yes,23885000,MA,1,P31402850-P31090850-P31499586
City of Boulder CO Water & Sewer Revenue,2022-06-01,21,21,No,44140000,CO,1,P11604243-P11237326-P11660407
City of Charleston SC Waterworks & Sewer System Revenue,2022-06-30,19,19,No,151190000,SC,1,P11611405-P11242428-P11666133
City of Cincinnati OH,2015-08-20,1,1,No,3450000,OH,1,EA740986-EA580655-EA976659
City of Cleveland OH Water Pollution Control,2016-04-14,22,22,Yes,32390000,OH,2,ES781071-ES614229-ES1009918;P21832967-P11362993-P21846817
City of Cleveland OH Water Pollution Control,2024-08-15,22,22,No,29675000,OH,1,P21832967-P11362993-P21846817
City of Columbia SC Stormwater System Revenue,2018-12-19,22,22,Yes,37900000,SC,1,ER1175794-ER919055-ER1319618
City of Columbia SC Waterworks & Sewer System Revenue,2023-12-07,23,23,No,46325000,SC,1,P21755236-P31126687-P31539106
City of Decatur IL,2016-11-09,20,20,Yes,22205000,IL,2,ER993766-ER777992-ER1179255;P21570039-P21212802-P21633963
City of Decatur IL,2022-04-28,17,17,Yes,24840000,IL,1,P21570039-P21212802-P21633963
City of Elkhart IN Sewage Works Revenue,2021-07-29,18,18,Yes,5445000,IN,1,P21480325-P21147765-P21561430
City of Fort Wayne IN Sewage Works Revenue,2022-05-25,24,21,Yes,25000000,IN,1,P11602915-P11236416-P11659389
City of Gainesville FL Utilities System Revenue,2021-08-11,1,1,Yes,39475000,FL,1,P11521974-P11173003-P11588855
City of Greensboro NC Combined Water & Sewer System Revenue,2017-08-17,12,12,Yes,25990000,NC,1,ER1074674-ER841832-ER1242654
City of Gresham OR,2013-07-30,15,15,No,7610000,OR,1,EA548110-EA427013-EA823896
City of Hampton VA,2020-12-02,20,20,Yes,10725000,VA,1,P21416519-P21100709-P21510052
City of Joliet IL Waterworks & Sewerage Revenue,2025-02-04,8,8,Yes,45455000,IL,1,P21986556-P21514279-P21968327
City of Joliet IL Waterworks & Sewerage Revenue,2025-04-12,5,5,Yes,64380000,IL,1,P21986556-P21514279-P21968327
City of Kalamazoo MI Wastewater System Revenue,2022-04-14,17,17,Yes,27560000,MI,1,P21565480-P21209389-P21630189
City of Kalamazoo MI Water Supply System Revenue,2022-05-03,17,17,Yes,29480000,MI,1,P31435196-P31115104-P31526400
City of Little Rock AR Water Reclamation System Revenue,2020-12-03,13,0,Yes,22850000,AR,1,P21406465-P21093323-P21502152
City of Long Beach CA Harbor Revenue,2017-06-28,1,1,Yes,25985000,CA,1,ER1064021-ER833314-ER1234218
City of Los Angeles CA Wastewater System Revenue,2015-06-04,11,11,Yes,188755000,CA,5,EA716992-EA562911-EA959013;EP996982-EP772996-EP1174766;ER1165936-ER911496-ER1311964;ER890479-ER695548-ER1097054;P11591429-P11228081-P11650034
City of Los Angeles CA Wastewater System Revenue,2015-06-30,9,9,Yes,100835000,CA,1,ER890479-ER695548-ER1097054
City of Los Angeles CA Wastewater System Revenue,2017-05-24,44,44,Yes,450150000,CA,4,EA716992-EA562911-EA959013;EP996982-EP772996-EP1174766;ER890479-ER695548-ER1097054;P11591429-P11228081-P11650034
City of Los Angeles CA Wastewater System Revenue,2018-11-15,21,11,Yes,219790000,CA,1,ER1165936-ER911496-ER1311964
City of Los Angeles CA Wastewater System Revenue,2022-04-19,4,4,Yes,99025000,CA,1,P11591429-P11228081-P11650034
City of Los Angeles CA Wastewater System Revenue,2023-09-13,1,0,No,280000000,CA,0,
City of Los Angeles Department of Airports,,8,8,Yes,263705000,CA,2,P11836470-P11407478-P11849595;P31462694-P11410516-P11852986
City of Los Angeles Department of Airports,2022-08-24,42,41,Yes,809645000,CA,2,P11836470-P11407478-P11849595;P21608101-P21238032-P21661618
City of Los Angeles Department of Airports,2023-04-11,21,21,Yes,248010000,CA,1,P21689407-P21300130-P21731021
City of Los Angeles Department of Airports,2025-01-27,1,1,Yes,4565000,CA,1,P11836470-P11407478-P11849595
City of Los Angeles Department of Airports,2025-03-04,8,8,Yes,802730000,CA,1,P11836470-P11407478-P11849595
City of Los Angeles Department of Airports,2025-04-03,2,2,Yes,78995000,CA,2,P11836470-P11407478-P11849595;P31462694-P11410516-P11852986
City of Los Angeles Department of Airports,2025-04-10,2,2,Yes,85800000,CA,1,P11836470-P11407478-P11849595
City of Los Angeles Department of Airports,2025-04-21,1,1,Yes,46605000,CA,1,P31462694-P11410516-P11852986
City of Los Angeles Department of Airports,2025-04-22,15,15,Yes,761905000,CA,2,P21608101-P21238032-P21661618;P31462694-P11410516-P11852986
City of Los Angeles Department of Airports,2025-04-27,1,1,Yes,25000000,CA,1,P11836470-P11407478-P11849595
City of Los Angeles Department of Airports,2025-05-29,1,1,Yes,20335000,CA,1,P31462694-P11410516-P11852986
City of Los Angeles Department of Airports,2025-08-03,1,1,Yes,21770000,CA,1,P11836470-P11407478-P11849595
City of Los Angeles Department of Airports,2025-09-22,2,2,Yes,66190000,CA,2,P11836470-P11407478-P11849595;P31462694-P11410516-P11852986
City of Los Angeles Department of Airports,2025-09-25,1,1,Yes,40260000,CA,1,P31462694-P11410516-P11852986
City of Los Angeles Department of Airports,2025-10-22,1,1,Yes,22420000,CA,1,P31462694-P11410516-P11852986
City of Los Angeles Department of Airports,2025-11-07,1,1,Yes,39505000,CA,1,P11836470-P11407478-P11849595
City of Los Angeles Department of Airports Customer Facility Charge Revenue,2022-03-16,10,10,Yes,546015000,CA,1,P21555452-P21201836-P21621714
City of Madison WI,2023-10-26,10,10,Yes,42055000,WI,1,P21730348-P21329460-P21763134
City of Madison WI,2024-09-05,15,15,Yes,18205000,WI,1,P11784699-P11369650-P11807357
City of Malden MA,2018-11-28,16,16,No,7180000,MA,1,ES1213307-ES947485-ES1348269
City of Manchester NH Sewer Revenue,2021-12-23,13,13,Yes,46535000,NH,2,P11550252-P11197056-P11615130;P11932461-P11377053-P11815454
City of Manchester NH Sewer Revenue,2024-06-01,10,10,Yes,23900000,NH,2,P11550252-P11197056-P11615130;P11932461-P11377053-P11815454
City of Manchester NH Sewer Revenue,2024-10-30,15,15,Yes,81775000,NH,2,P11550252-P11197056-P11615130;P11932461-P11377053-P11815454
City of Milwaukee WI Sewerage System Revenue,2021-05-14,20,20,Yes,56435000,WI,1,P21458655-P21132163-P21544598
City of Minneapolis MN,2018-10-31,24,24,Yes,96220000,MN,2,ER1276794-ER996504-ER1399663;ES1208424-ES943762-ES1344533
City of Minneapolis MN,2019-12-05,25,25,Yes,114400000,MN,1,ER1276794-ER996504-ER1399663
City of Mishawaka IN Sewage Works Revenue,2023-05-25,27,27,Yes,33775000,IN,1,P21708810-P21314049-P21746321
City of Mishawaka IN Waterworks Revenue,2021-05-19,31,29,Yes,51600000,IN,1,P21460562-P21133535-P21546142
City of Napa CA Solid Waste Revenue,2016-10-20,11,11,Yes,12500000,CA,1,EP954217-EP740267-EP1141856
City of Naperville IL,2022-03-09,20,20,No,6830000,IL,1,P11568935-P11211286-P11631402
City of Norfolk VA,2013-11-07,1,1,No,2470000,VA,1,ER710847-ER551237-ER952297
City of Norfolk VA,2016-10-19,2,2,No,10500000,VA,1,EP953346-EP739582-EP1141192
City of Olathe KS Water & Sewer System Revenue,2023-07-01,3,3,No,805000,KS,1,P11672937-P11287754-P11717236
City of Olathe KS Water & Sewer System Revenue,2023-07-11,17,17,No,4475000,KS,1,P11672937-P11287754-P11717236
City of Orlando FL Reclamation System Revenue,2024-10-30,30,30,No,149725000,FL,1,P11797579-P11378568-P11817122
City of Oshkosh WI Storm Water Utility Revenue,2022-07-07,19,19,No,8405000,WI,2,P11609142-P11240564-P11664310;P11671453-P11286636-P11715977
City of Oshkosh WI Storm Water Utility Revenue,2023-05-01,1,1,No,80000,WI,1,P11671453-P11286636-P11715977
City of Oshkosh WI Storm Water Utility Revenue,2023-06-22,18,18,No,5570000,WI,2,P11609142-P11240564-P11664310;P11671453-P11286636-P11715977
City of Portland ME General Airport Revenue,2019-12-05,30,20,Yes,58450000,ME,1,ER1272920-ER993617-ER1396484
City of Portland OR,2016-11-29,10,10,Yes,16220000,OR,1,ES992715-ES777205-ES1178513
City of Portland OR Water System Revenue,2016-12-15,25,24,No,168525000,OR,2,EP972015-EP753901-EP1155503;P21565303-P21209256-P21630047
City of Portland OR Water System Revenue,2022-04-07,15,15,No,42645000,OR,1,P21565303-P21209256-P21630047
City of Renton WA,2013-07-01,1,0,No,3200000,WA,0,
City of San Francisco CA Public Utilities Commission Water Revenue,,1,1,Yes,3275000,CA,1,P11837901-P11408439-P11850619
City of San Francisco CA Public Utilities Commission Water Revenue,2016-12-14,22,22,Yes,259350000,CA,2,ES997086-ES780844-ES1182154;P11411213-P11096461-P11505380
City of San Francisco CA Public Utilities Commission Water Revenue,2017-12-13,23,23,Yes,121140000,CA,4,ER1108407-ER866317-ER1267002;P11411213-P11096461-P11505380;P11837901-P11408439-P11850619;P31444744-P31122109-P31534138
City of San Francisco CA Public Utilities Commission Water Revenue,2017-12-28,27,27,Yes,384585000,CA,5,ER1108407-ER866317-ER1267002;ES1078538-ES842358-ES1243371;P11411213-P11096461-P11505380;P11837901-P11408439-P11850619;P31444744-P31122109-P31534138
City of San Francisco CA Public Utilities Commission Water Revenue,2020-01-09,32,23,Yes,648405000,CA,3,ER1294533-ES1040166-ES1443450;P11837901-P11408439-P11850619;P31444744-P31122109-P31534138
City of San Francisco CA Public Utilities Commission Water Revenue,2020-09-01,1,1,Yes,29910000,CA,1,P11837901-P11408439-P11850619
City of San Francisco CA Public Utilities Commission Water Revenue,2020-09-23,3,3,Yes,150895000,CA,1,P11411213-P11096461-P11505380
City of San Francisco CA Public Utilities Commission Water Revenue,2020-10-21,2,2,Yes,341435000,CA,2,P11837901-P11408439-P11850619;P31444744-P31122109-P31534138
City of San Francisco CA Public Utilities Commission Water Revenue,2023-07-27,36,36,No,414035000,CA,3,P11687086-P11297878-P11728349;P11837901-P11408439-P11850619;P31444744-P31122109-P31534138
City of San Francisco CA Public Utilities Commission Water Revenue,2023-08-10,20,20,Yes,486875000,CA,3,P11687086-P11297878-P11728349;P11837901-P11408439-P11850619;P31444744-P31122109-P31534138
City of San Francisco CA Public Utilities Commission Water Revenue,2025-01-17,2,2,Yes,6730000,CA,3,P11687086-P11297878-P11728349;P11837901-P11408439-P11850619;P31444744-P31122109-P31534138
City of San Francisco CA Public Utilities Commission Water Revenue,2025-04-11,3,3,Yes,63180000,CA,3,P11687086-P11297878-P11728349;P11837901-P11408439-P11850619;P31444744-P31122109-P31534138
City of San Francisco CA Public Utilities Commission Water Revenue,2025-04-17,17,17,Yes,383395000,CA,1,P11837901-P11408439-P11850619
City of San Francisco CA Public Utilities Commission Water Revenue,2025-04-23,1,1,Yes,11380000,CA,1,P11837901-P11408439-P11850619
City of Santa Clara CA Sewer Revenue,2023-10-24,25,25,Yes,34585000,CA,1,P21733144-P21331413-P21765253
City of Santa Fe NM Wastewater Utility System Revenue,2019-03-20,16,16,Yes,13550000,NM,1,ES1249162-ES976727-ES1377889
City of Seattle WA Municipal Light & Power Revenue,2016-01-28,1,1,No,31870000,WA,1,ES758050-ES594885-ES990593
City of Seattle WA Municipal Light & Power Revenue,2020-08-05,30,30,Yes,198305000,WA,2,ES758050-ES594885-ES990593;SS1393189-SS1083903-SS1491943
City of Seattle WA Water System Revenue,2021-06-17,12,12,Yes,82220000,WA,1,P21467249-P21138349-P21551271
City of Seattle WA Water System Revenue,2022-07-28,27,27,Yes,93260000,WA,1,P21594452-P21230082-P21652868
City of Spokane WA Water & Wastewater Revenue,2014-12-02,20,20,Yes,181225000,WA,1,EA665289-EA521356-EA917540
City of Springfield OH,2019-03-27,21,10,Yes,8920000,OH,1,ER1205814-ER944110-ER1345157
City of St Louis Park MN,2018-12-28,1,1,Yes,43650000,MN,1,ES1226847-ES956288-ES1357279
City of St Paul MN Sewer Revenue,2015-05-05,19,19,Yes,8700000,MN,11,EP985874-EP764592-EP1166360;ER1151669-ER900832-ER1301301;ER1312402-ER1022705-ER1428839;ER861983-ER673540-ER1075290;ES1272341-ES995769-ES1397201;ES778368-ES612030-ES1007776;P11522928-P11177998-P11594334;P11620089-P11248857-P11673211;P11698661-P11306161-P11737312;P21845120-P21411829-P21854445;P21949006-P21488358-P21939864
City of St Paul MN Sewer Revenue,2016-04-14,19,19,Yes,7715000,MN,1,ES778368-ES612030-ES1007776
City of St Paul MN Sewer Revenue,2017-04-06,17,17,Yes,7975000,MN,11,EP985874-EP764592-EP1166360;ER1151669-ER900832-ER1301301;ER1312402-ER1022705-ER1428839;ER861983-ER673540-ER1075290;ES1272341-ES995769-ES1397201;ES778368-ES612030-ES1007776;P11522928-P11177998-P11594334;P11620089-P11248857-P11673211;P11698661-P11306161-P11737312;P21845120-P21411829-P21854445;P21949006-P21488358-P21939864
City of St Paul MN Sewer Revenue,2018-10-10,19,19,Yes,7710000,MN,11,EP985874-EP764592-EP1166360;ER1151669-ER900832-ER1301301;ER1312402-ER1022705-ER1428839;ER861983-ER673540-ER1075290;ES1272341-ES995769-ES1397201;ES778368-ES612030-ES1007776;P11522928-P11177998-P11594334;P11620089-P11248857-P11673211;P11698661-P11306161-P11737312;P21845120-P21411829-P21854445;P21949006-P21488358-P21939864
City of St Paul MN Sewer Revenue,2019-06-19,20,20,Yes,7345000,MN,11,EP985874-EP764592-EP1166360;ER1151669-ER900832-ER1301301;ER1312402-ER1022705-ER1428839;ER861983-ER673540-ER1075290;ES1272341-ES995769-ES1397201;ES778368-ES612030-ES1007776;P11522928-P11177998-P11594334;P11620089-P11248857-P11673211;P11698661-P11306161-P11737312;P21845120-P21411829-P21854445;P21949006-P21488358-P21939864
City of St Paul MN Sewer Revenue,2020-03-11,20,20,Yes,15700000,MN,9,ER1151669-ER900832-ER1301301;ER1312402-ER1022705-ER1428839;ES1272341-ES995769-ES1397201;ES778368-ES612030-ES1007776;P11522928-P11177998-P11594334;P11620089-P11248857-P11673211;P11698661-P11306161-P11737312;P21845120-P21411829-P21854445;P21949006-P21488358-P21939864
City of St Paul MN Sewer Revenue,2021-09-15,18,18,Yes,14665000,MN,10,ER1151669-ER900832-ER1301301;ER1312402-ER1022705-ER1428839;ER861983-ER673540-ER1075290;ES1272341-ES995769-ES1397201;ES778368-ES612030-ES1007776;P11522928-P11177998-P11594334;P11620089-P11248857-P11673211;P11698661-P11306161-P11737312;P21845120-P21411829-P21854445;P21949006-P21488358-P21939864
City of St Paul MN Sewer Revenue,2022-09-14,20,20,Yes,7675000,MN,2,EP985874-EP764592-EP1166360;P11620089-P11248857-P11673211
City of St Paul MN Sewer Revenue,2023-10-12,11,11,Yes,5340000,MN,1,P11698661-P11306161-P11737312
City of St Paul MN Sewer Revenue,2023-12-12,7,7,Yes,2455000,MN,2,ES778368-ES612030-ES1007776;P11698661-P11306161-P11737312
City of St Paul MN Sewer Revenue,2024-09-17,20,20,Yes,8630000,MN,7,ER1151669-ER900832-ER1301301;ER1312402-ER1022705-ER1428839;ES1272341-ES995769-ES1397201;P11620089-P11248857-P11673211;P11698661-P11306161-P11737312;P21845120-P21411829-P21854445;P21949006-P21488358-P21939864
City of St Paul MN Sewer Revenue,2025-03-31,1,1,Yes,395000,MN,1,P21949006-P21488358-P21939864
City of St Paul MN Sewer Revenue,2025-08-19,19,19,Yes,10105000,MN,1,P21949006-P21488358-P21939864
City of Stamford CT Water Pollution Control System & Facility Revenue,2020-12-09,26,26,No,39615000,CT,1,P21417099-P21101135-P21510519
City of Tacoma WA Electric System Revenue,2021-09-14,9,9,Yes,121855000,WA,1,P11528735-P21155952-P21570195
City of Tacoma WA Electric System Revenue,2024-02-15,11,11,Yes,95300000,WA,1,P21771544-P21359989-P21797159
City of Tacoma WA Electric System Revenue,2025-01-01,1,1,Yes,60985000,WA,1,P22018038-P11427523-P11871837
City of Tacoma WA Electric System Revenue,2025-03-07,10,10,Yes,161760000,WA,3,P11528735-P21155952-P21570195;P21771544-P21359989-P21797159;P22018038-P11427523-P11871837
City of Tacoma WA Regional Water Supply System Revenue,2024-02-14,9,9,Yes,32350000,WA,1,P21769256-P21358222-P21795217
City of Tacoma WA Solid Waste Utility Revenue,2015-03-18,9,9,Yes,21095000,WA,1,EA696473-EA546297-EA942538
City of Tacoma WA Water Revenue,2024-01-25,12,12,Yes,63800000,WA,1,P11725514-P11326261-P11759898
City of Tamarac FL Water & Sewer Utility Revenue,2016-11-09,23,23,Yes,21865000,FL,1,ER990522-ER774681-ER1175984
City of Tampa FL,2018-04-26,23,23,Yes,84560000,FL,2,ES1137721-ES890247-ES1291554;P21496670-P21158908-P21573465
City of Tampa FL,2021-10-07,21,20,Yes,36615000,FL,1,P21496670-P21158908-P21573465
City of Tampa FL Water & Wastewater System Revenue,2022-06-21,12,12,Yes,282545000,FL,1,P21580179-P21219787-P21641518
City of Topeka KS Combined Utility Revenue,2023-09-12,28,28,No,89385000,KS,1,P11692854-P11302028-P11732844
City of Vallejo CA Water Revenue,2021-02-24,22,22,Yes,42600000,CA,1,P31413949-P31099429-P31509183
City of Virginia Beach VA,2024-06-04,20,20,No,118000000,VA,1,P21813485-P21391076-P21831848
City of Warren MI Water & Sewer System Revenue,2020-12-09,19,19,Yes,8725000,MI,1,P11443793-P11119503-P11530007
City of Westminster CO Water & Wastewater Utility Revenue,2024-09-25,25,25,No,186900000,CO,1,P11788970-P11372633-P11810608
City of Yuma AZ Water & Sewer Revenue,2021-12-28,20,20,Yes,71040000,AZ,1,P31433916-P31114116-P31525247
Denver Wastewater Management Division Department of Public Works,2018-02-22,27,27,No,103050000,CO,1,ES1103078-ES861962-ES1263095
District of Columbia,2022-05-05,27,27,Yes,158835000,DC,1,P11591594-P11227520-P11649431
District of Columbia Water & Sewer Authority,2014-07-23,1,1,Yes,350000000,DC,1,ER785601-ER610965-ER1013035
District of Columbia Water & Sewer Authority,2015-10-15,14,14,Yes,100000000,DC,6,ER785601-ER610965-ER1013035;ES1143696-ES894297-ES1295573;ES1311861-ES1025042-ES1426916;ES732753-ES574207-ES970101;P21554235-P21200604-P21620362;P21946866-P21486848-P21938256
District of Columbia Water & Sewer Authority,2017-02-23,2,2,Yes,100000000,DC,1,EP975656-EP756739-EP1158361
District of Columbia Water & Sewer Authority,2018-04-30,6,6,Yes,100000000,DC,1,ES1143696-ES894297-ES1295573
District of Columbia Water & Sewer Authority,2019-11-06,5,5,Yes,104010000,DC,1,ES1311861-ES1025042-ES1426916
District of Columbia Water & Sewer Authority,2022-03-23,9,9,Yes,72435000,DC,5,ER785601-ER610965-ER1013035;ES1143696-ES894297-ES1295573;ES1311861-ES1025042-ES1426916;ES732753-ES574207-ES970101;P21554235-P21200604-P21620362
District of Columbia Water & Sewer Authority,2022-07-23,1,1,Yes,7150000,DC,1,P21554235-P21200604-P21620362
District of Columbia Water & Sewer Authority,2025-08-13,21,21,No,160615000,DC,1,P21946866-P21486848-P21938256
Gilbert Water Resource Municipal Property Corp,2022-06-14,22,22,Yes,473005000,AZ,1,P21755397-P11238816-P11662055
Greater New Haven Water Pollution Control Authority,2024-08-15,7,7,No,25115000,CT,1,P11769132-P11359000-P11796058
Hoover Industrial Development Board,2020-11-24,1,1,Yes,63400000,AL,1,P11441870-P11118127-P11528507
Housing & Redevelopment Authority of The City of St Paul Minnesota,2020-06-01,1,1,Yes,11800000,MN,1,RE1353670-RE1052433-RE1461244
Hudson Yards Infrastructure Corp,2021-10-27,22,22,Yes,454140000,NY,1,P11539380-P11189325-P11606560
Indianapolis Local Public Improvement Bond Bank,2019-10-16,15,15,No,50000000,IN,1,ER1262285-ER985960-ER1388083
Indianapolis Local Public Improvement Bond Bank,2022-02-24,22,22,Yes,50000000,IN,1,P11568220-P11210716-P11630729
Indianapolis Local Public Improvement Bond Bank,2022-03-31,28,28,Yes,65000000,IN,1,P11689191-P11216480-P11637253
Inlivian,2020-04-01,1,1,Yes,13500000,NC,1,RE1330055-RE1036113-RE1443630
Jersey City Municipal Utilities Authority,2025-04-30,43,43,Yes,213840000,NJ,1,P11842804-P11411795-P11854392
Lancaster Power Authority,2021-04-01,1,1,Yes,1875000,CA,1,P11533832-P11185464-P11602414
Lancaster Power Authority,2021-10-12,15,15,No,17430000,CA,1,P11533832-P11185464-P11602414
Lexington-Fayette Urban County Government,2014-12-16,1,1,No,2900000,KY,1,EP840034-EP649831-EP1051429
Los Angeles Department of Water & Power,2013-06-04,1,1,No,27855000,CA,1,EA531719-EA414230-EA811102
Louisville and Jefferson County Metropolitan Sewer District,2022-02-01,27,26,Yes,225000000,KY,1,P21536543-P21187636-P21605628
Louisville and Jefferson County Metropolitan Sewer District,2022-10-05,1,1,No,226340000,KY,1,P21617486-P21246237-P21670689
Louisville and Jefferson County Metropolitan Sewer District,2023-10-26,27,27,No,351975000,KY,3,P21536543-P21187636-P21605628;P21617486-P21246237-P21670689;P21737014-P21334139-P21768189
Metropolitan Pier & Exposition Authority,2019-05-08,20,0,No,36865000,IL,0,
Metropolitan Pier & Exposition Authority,2024-01-10,3,0,No,42830000,IL,0,
Milwaukee Redevelopment Authority,2016-12-01,1,1,No,6275000,WI,1,EP965467-EP749037-EP1150641
Monterey Park Financing Authority,2024-05-16,18,18,Yes,20555000,CA,1,P21806547-P21386275-P21826524
Oxnard Financing Authority,2021-03-03,12,12,Yes,23305000,CA,1,P31413978-P31099449-P31509204
Philadelphia Authority for Industrial Development,2018-04-26,16,16,Yes,10310000,PA,1,ES1143102-ES894276-ES1295551
Port of Los Angeles,2016-10-13,1,1,Yes,35205000,CA,1,ES821894-ES644906-ES1040084
Port of Los Angeles,2019-09-18,2,2,Yes,15675000,CA,1,ER1252791-ER979149-ER1380636
Port of Los Angeles,2024-08-01,1,1,No,9505000,CA,1,P21846946-P21414886-P21857793
Port of Los Angeles,2024-09-25,5,5,No,40100000,CA,1,P21846946-P21414886-P21857793
Reading Area Water Authority,2020-03-26,16,16,Yes,50195000,PA,1,ES1358289-ES1058443-ES1464084
San Francisco City & County Public Utilities Commission Power Revenue,2015-05-20,13,13,Yes,32025000,CA,2,ER881975-ER689101-ER1090744;P21525393-P21179406-P21596352
San Francisco City & County Public Utilities Commission Power Revenue,2021-12-21,24,24,Yes,74280000,CA,1,P21525393-P21179406-P21596352
San Francisco City & County Public Utilities Commission Wastewater Revenue,2016-05-24,20,20,Yes,240580000,CA,6,ES1184461-ES925614-ES1326629;ES786506-ES618502-ES1014137;P21519443-P21175017-P21591296;P21695700-P21303909-P21735102;P21830885-P21403242-P21845144;P21853260-ES925634-ES1326652
San Francisco City & County Public Utilities Commission Wastewater Revenue,2018-08-09,19,19,Yes,408195000,CA,6,ES1184461-ES925614-ES1326629;ES786506-ES618502-ES1014137;P21519443-P21175017-P21591296;P21695700-P21303909-P21735102;P21830885-P21403242-P21845144;P21853260-ES925634-ES1326652
San Francisco City & County Public Utilities Commission Wastewater Revenue,2021-11-30,11,10,Yes,608300000,CA,1,P21519443-P21175017-P21591296
San Francisco City & County Public Utilities Commission Wastewater Revenue,2023-04-19,18,18,Yes,696225000,CA,6,ES1184461-ES925614-ES1326629;ES786506-ES618502-ES1014137;P21519443-P21175017-P21591296;P21695700-P21303909-P21735102;P21830885-P21403242-P21845144;P21853260-ES925634-ES1326652
San Francisco City & County Public Utilities Commission Wastewater Revenue,2024-07-31,18,18,Yes,970830000,CA,1,P21830885-P21403242-P21845144
San Francisco Municipal Transportation Agency,2021-03-11,3,3,Yes,104285000,CA,1,P21441975-P21119462-P21530771
San Jose Financing Authority,2022-12-15,23,23,Yes,268355000,CA,1,P11636800-P11260714-P11686344
San Rafael Joint Powers Financing Authority,2018-03-28,14,14,Yes,45485000,CA,1,ES1122236-ES877569-ES1278825
South Dallas Water Authority Inc,2022-01-25,12,12,Yes,3955000,TX,1,P21533908-P21185611-P21603404
St Louis Clean Energy Development Board,2017-09-21,1,0,No,10105000,MO,0,
St Louis Clean Energy Development Board,2017-12-21,1,1,No,4540000,MO,1,P22000843-P21524435-P21979770
St Louis Clean Energy Development Board,2018-06-22,1,0,No,2638000,MO,0,
St Louis Municipal Finance Corp,2016-05-04,1,0,No,3635000,MO,1,ES790334-ES618314-ER1154135
Stockton Public Financing Authority,2018-11-20,19,19,Yes,145220000,CA,2,ER1168298-ER913308-ER1313780;ES1328982-ES1036897-ES1439752
Stockton Public Financing Authority,2019-12-05,16,16,Yes,54785000,CA,1,ES1328982-ES1036897-ES1439752
Stockton Public Financing Authority,2024-09-04,5,5,No,28085000,CA,1,P11783647-P11368887-P11806546
Sunnyvale Financing Authority,2020-11-12,20,20,Yes,131200000,CA,1,P21413204-P21094842-P21503807
Trust for Cultural Resources of The City of New York/The,2021-01-07,1,1,Yes,73260000,NY,1,P31405868-P31093055-P31502104
Village of Oak Lawn IL Regional Water System Revenue,2022-06-15,1,1,Yes,19285000,IL,1,P21577992-P21218099-P21639677
Woodland Finance Authority,2021-12-16,17,17,Yes,13205000,CA,1,P21520298-P21175673-P21592007
